,Series Name,Period,Frequency,Value,Units
0,"Gulf Coast (PADD 3) Refinery and Blender Net Input of Crude Oil, Monthly",202103,M,7512,Thousand Barrels per Day
1,"Gulf Coast (PADD 3) Refinery and Blender Net Input of Crude Oil, Monthly",202102,M,6042,Thousand Barrels per Day
2,"Gulf Coast (PADD 3) Refinery and Blender Net Input of Crude Oil, Monthly",202101,M,7919,Thousand Barrels per Day
3,"Gulf Coast (PADD 3) Refinery and Blender Net Input of Crude Oil, Monthly",202012,M,7751,Thousand Barrels per Day
4,"Gulf Coast (PADD 3) Refinery and Blender Net Input of Crude Oil, Monthly",202011,M,7601,Thousand Barrels per Day
5,"Gulf Coast (PADD 3) Refinery and Blender Net Input of Crude Oil, Monthly",202010,M,7049,Thousand Barrels per Day
6,"Gulf Coast (PADD 3) Refinery and Blender Net Input of Crude Oil, Monthly",202009,M,7000,Thousand Barrels per Day
7,"Gulf Coast (PADD 3) Refinery and Blender Net Input of Crude Oil, Monthly",202008,M,7377,Thousand Barrels per Day
8,"Gulf Coast (PADD 3) Refinery and Blender Net Input of Crude Oil, Monthly",202007,M,7765,Thousand Barrels per Day
9,"Gulf Coast (PADD 3) Refinery and Blender Net Input of Crude Oil, Monthly",202006,M,7477,Thousand Barrels per Day
10,"Gulf Coast (PADD 3) Refinery and Blender Net Input of Crude Oil, Monthly",202005,M,7130,Thousand Barrels per Day
11,"Gulf Coast (PADD 3) Refinery and Blender Net Input of Crude Oil, Monthly",202004,M,7238,Thousand Barrels per Day
12,"Gulf Coast (PADD 3) Refinery and Blender Net Input of Crude Oil, Monthly",202003,M,8443,Thousand Barrels per Day
13,"Gulf Coast (PADD 3) Refinery and Blender Net Input of Crude Oil, Monthly",202002,M,8393,Thousand Barrels per Day
14,"Gulf Coast (PADD 3) Refinery and Blender Net Input of Crude Oil, Monthly",202001,M,8792,Thousand Barrels per Day
15,"Gulf Coast (PADD 3) Refinery and Blender Net Input of Crude Oil, Monthly",201912,M,9001,Thousand Barrels per Day
16,"Gulf Coast (PADD 3) Refinery and Blender Net Input of Crude Oil, Monthly",201911,M,8856,Thousand Barrels per Day
17,"Gulf Coast (PADD 3) Refinery and Blender Net Input of Crude Oil, Monthly",201910,M,8339,Thousand Barrels per Day
18,"Gulf Coast (PADD 3) Refinery and Blender Net Input of Crude Oil, Monthly",201909,M,8701,Thousand Barrels per Day
19,"Gulf Coast (PADD 3) Refinery and Blender Net Input of Crude Oil, Monthly",201908,M,9103,Thousand Barrels per Day
20,"Gulf Coast (PADD 3) Refinery and Blender Net Input of Crude Oil, Monthly",201907,M,9006,Thousand Barrels per Day
21,"Gulf Coast (PADD 3) Refinery and Blender Net Input of Crude Oil, Monthly",201906,M,9126,Thousand Barrels per Day
22,"Gulf Coast (PADD 3) Refinery and Blender Net Input of Crude Oil, Monthly",201905,M,9061,Thousand Barrels per Day
23,"Gulf Coast (PADD 3) Refinery and Blender Net Input of Crude Oil, Monthly",201904,M,8792,Thousand Barrels per Day
24,"Gulf Coast (PADD 3) Refinery and Blender Net Input of Crude Oil, Monthly",201903,M,8520,Thousand Barrels per Day
25,"Gulf Coast (PADD 3) Refinery and Blender Net Input of Crude Oil, Monthly",201902,M,8591,Thousand Barrels per Day
26,"Gulf Coast (PADD 3) Refinery and Blender Net Input of Crude Oil, Monthly",201901,M,8858,Thousand Barrels per Day
27,"Gulf Coast (PADD 3) Refinery and Blender Net Input of Crude Oil, Monthly",201812,M,9375,Thousand Barrels per Day
28,"Gulf Coast (PADD 3) Refinery and Blender Net Input of Crude Oil, Monthly",201811,M,9251,Thousand Barrels per Day
29,"Gulf Coast (PADD 3) Refinery and Blender Net Input of Crude Oil, Monthly",201810,M,9229,Thousand Barrels per Day
30,"Gulf Coast (PADD 3) Refinery and Blender Net Input of Crude Oil, Monthly",201809,M,9126,Thousand Barrels per Day
31,"Gulf Coast (PADD 3) Refinery and Blender Net Input of Crude Oil, Monthly",201808,M,9350,Thousand Barrels per Day
32,"Gulf Coast (PADD 3) Refinery and Blender Net Input of Crude Oil, Monthly",201807,M,9088,Thousand Barrels per Day
33,"Gulf Coast (PADD 3) Refinery and Blender Net Input of Crude Oil, Monthly",201806,M,9273,Thousand Barrels per Day
34,"Gulf Coast (PADD 3) Refinery and Blender Net Input of Crude Oil, Monthly",201805,M,8862,Thousand Barrels per Day
35,"Gulf Coast (PADD 3) Refinery and Blender Net Input of Crude Oil, Monthly",201804,M,8866,Thousand Barrels per Day
36,"Gulf Coast (PADD 3) Refinery and Blender Net Input of Crude Oil, Monthly",201803,M,8871,Thousand Barrels per Day
37,"Gulf Coast (PADD 3) Refinery and Blender Net Input of Crude Oil, Monthly",201802,M,8294,Thousand Barrels per Day
38,"Gulf Coast (PADD 3) Refinery and Blender Net Input of Crude Oil, Monthly",201801,M,8772,Thousand Barrels per Day
39,"Gulf Coast (PADD 3) Refinery and Blender Net Input of Crude Oil, Monthly",201712,M,9220,Thousand Barrels per Day
40,"Gulf Coast (PADD 3) Refinery and Blender Net Input of Crude Oil, Monthly",201711,M,8947,Thousand Barrels per Day
41,"Gulf Coast (PADD 3) Refinery and Blender Net Input of Crude Oil, Monthly",201710,M,8656,Thousand Barrels per Day
42,"Gulf Coast (PADD 3) Refinery and Blender Net Input of Crude Oil, Monthly",201709,M,7437,Thousand Barrels per Day
43,"Gulf Coast (PADD 3) Refinery and Blender Net Input of Crude Oil, Monthly",201708,M,8611,Thousand Barrels per Day
44,"Gulf Coast (PADD 3) Refinery and Blender Net Input of Crude Oil, Monthly",201707,M,9226,Thousand Barrels per Day
45,"Gulf Coast (PADD 3) Refinery and Blender Net Input of Crude Oil, Monthly",201706,M,9181,Thousand Barrels per Day
46,"Gulf Coast (PADD 3) Refinery and Blender Net Input of Crude Oil, Monthly",201705,M,9297,Thousand Barrels per Day
47,"Gulf Coast (PADD 3) Refinery and Blender Net Input of Crude Oil, Monthly",201704,M,8925,Thousand Barrels per Day
48,"Gulf Coast (PADD 3) Refinery and Blender Net Input of Crude Oil, Monthly",201703,M,8502,Thousand Barrels per Day
49,"Gulf Coast (PADD 3) Refinery and Blender Net Input of Crude Oil, Monthly",201702,M,8178,Thousand Barrels per Day
50,"Gulf Coast (PADD 3) Refinery and Blender Net Input of Crude Oil, Monthly",201701,M,8387,Thousand Barrels per Day
51,"Gulf Coast (PADD 3) Refinery and Blender Net Input of Crude Oil, Monthly",201612,M,8879,Thousand Barrels per Day
52,"Gulf Coast (PADD 3) Refinery and Blender Net Input of Crude Oil, Monthly",201611,M,8650,Thousand Barrels per Day
53,"Gulf Coast (PADD 3) Refinery and Blender Net Input of Crude Oil, Monthly",201610,M,8108,Thousand Barrels per Day
54,"Gulf Coast (PADD 3) Refinery and Blender Net Input of Crude Oil, Monthly",201609,M,8497,Thousand Barrels per Day
55,"Gulf Coast (PADD 3) Refinery and Blender Net Input of Crude Oil, Monthly",201608,M,8605,Thousand Barrels per Day
56,"Gulf Coast (PADD 3) Refinery and Blender Net Input of Crude Oil, Monthly",201607,M,8719,Thousand Barrels per Day
57,"Gulf Coast (PADD 3) Refinery and Blender Net Input of Crude Oil, Monthly",201606,M,8579,Thousand Barrels per Day
58,"Gulf Coast (PADD 3) Refinery and Blender Net Input of Crude Oil, Monthly",201605,M,8565,Thousand Barrels per Day
59,"Gulf Coast (PADD 3) Refinery and Blender Net Input of Crude Oil, Monthly",201604,M,8468,Thousand Barrels per Day
60,"Gulf Coast (PADD 3) Refinery and Blender Net Input of Crude Oil, Monthly",201603,M,8643,Thousand Barrels per Day
61,"Gulf Coast (PADD 3) Refinery and Blender Net Input of Crude Oil, Monthly",201602,M,8269,Thousand Barrels per Day
62,"Gulf Coast (PADD 3) Refinery and Blender Net Input of Crude Oil, Monthly",201601,M,8146,Thousand Barrels per Day
63,"Gulf Coast (PADD 3) Refinery and Blender Net Input of Crude Oil, Monthly",201512,M,8973,Thousand Barrels per Day
64,"Gulf Coast (PADD 3) Refinery and Blender Net Input of Crude Oil, Monthly",201511,M,8667,Thousand Barrels per Day
65,"Gulf Coast (PADD 3) Refinery and Blender Net Input of Crude Oil, Monthly",201510,M,8281,Thousand Barrels per Day
66,"Gulf Coast (PADD 3) Refinery and Blender Net Input of Crude Oil, Monthly",201509,M,8487,Thousand Barrels per Day
67,"Gulf Coast (PADD 3) Refinery and Blender Net Input of Crude Oil, Monthly",201508,M,8681,Thousand Barrels per Day
68,"Gulf Coast (PADD 3) Refinery and Blender Net Input of Crude Oil, Monthly",201507,M,8732,Thousand Barrels per Day
69,"Gulf Coast (PADD 3) Refinery and Blender Net Input of Crude Oil, Monthly",201506,M,8814,Thousand Barrels per Day
70,"Gulf Coast (PADD 3) Refinery and Blender Net Input of Crude Oil, Monthly",201505,M,8685,Thousand Barrels per Day
71,"Gulf Coast (PADD 3) Refinery and Blender Net Input of Crude Oil, Monthly",201504,M,8588,Thousand Barrels per Day
72,"Gulf Coast (PADD 3) Refinery and Blender Net Input of Crude Oil, Monthly",201503,M,8172,Thousand Barrels per Day
73,"Gulf Coast (PADD 3) Refinery and Blender Net Input of Crude Oil, Monthly",201502,M,8025,Thousand Barrels per Day
74,"Gulf Coast (PADD 3) Refinery and Blender Net Input of Crude Oil, Monthly",201501,M,8012,Thousand Barrels per Day
75,"Gulf Coast (PADD 3) Refinery and Blender Net Input of Crude Oil, Monthly",201412,M,8601,Thousand Barrels per Day
76,"Gulf Coast (PADD 3) Refinery and Blender Net Input of Crude Oil, Monthly",201411,M,8429,Thousand Barrels per Day
77,"Gulf Coast (PADD 3) Refinery and Blender Net Input of Crude Oil, Monthly",201410,M,8013,Thousand Barrels per Day
78,"Gulf Coast (PADD 3) Refinery and Blender Net Input of Crude Oil, Monthly",201409,M,8357,Thousand Barrels per Day
79,"Gulf Coast (PADD 3) Refinery and Blender Net Input of Crude Oil, Monthly",201408,M,8689,Thousand Barrels per Day
80,"Gulf Coast (PADD 3) Refinery and Blender Net Input of Crude Oil, Monthly",201407,M,8598,Thousand Barrels per Day
81,"Gulf Coast (PADD 3) Refinery and Blender Net Input of Crude Oil, Monthly",201406,M,8092,Thousand Barrels per Day
82,"Gulf Coast (PADD 3) Refinery and Blender Net Input of Crude Oil, Monthly",201405,M,8245,Thousand Barrels per Day
83,"Gulf Coast (PADD 3) Refinery and Blender Net Input of Crude Oil, Monthly",201404,M,8342,Thousand Barrels per Day
84,"Gulf Coast (PADD 3) Refinery and Blender Net Input of Crude Oil, Monthly",201403,M,7907,Thousand Barrels per Day
85,"Gulf Coast (PADD 3) Refinery and Blender Net Input of Crude Oil, Monthly",201402,M,7773,Thousand Barrels per Day
86,"Gulf Coast (PADD 3) Refinery and Blender Net Input of Crude Oil, Monthly",201401,M,7974,Thousand Barrels per Day
87,"Gulf Coast (PADD 3) Refinery and Blender Net Input of Crude Oil, Monthly",201312,M,8439,Thousand Barrels per Day
88,"Gulf Coast (PADD 3) Refinery and Blender Net Input of Crude Oil, Monthly",201311,M,8187,Thousand Barrels per Day
89,"Gulf Coast (PADD 3) Refinery and Blender Net Input of Crude Oil, Monthly",201310,M,7658,Thousand Barrels per Day
90,"Gulf Coast (PADD 3) Refinery and Blender Net Input of Crude Oil, Monthly",201309,M,8106,Thousand Barrels per Day
91,"Gulf Coast (PADD 3) Refinery and Blender Net Input of Crude Oil, Monthly",201308,M,8138,Thousand Barrels per Day
92,"Gulf Coast (PADD 3) Refinery and Blender Net Input of Crude Oil, Monthly",201307,M,8431,Thousand Barrels per Day
93,"Gulf Coast (PADD 3) Refinery and Blender Net Input of Crude Oil, Monthly",201306,M,8300,Thousand Barrels per Day
94,"Gulf Coast (PADD 3) Refinery and Blender Net Input of Crude Oil, Monthly",201305,M,8173,Thousand Barrels per Day
95,"Gulf Coast (PADD 3) Refinery and Blender Net Input of Crude Oil, Monthly",201304,M,7820,Thousand Barrels per Day
96,"Gulf Coast (PADD 3) Refinery and Blender Net Input of Crude Oil, Monthly",201303,M,7623,Thousand Barrels per Day
97,"Gulf Coast (PADD 3) Refinery and Blender Net Input of Crude Oil, Monthly",201302,M,7111,Thousand Barrels per Day
98,"Gulf Coast (PADD 3) Refinery and Blender Net Input of Crude Oil, Monthly",201301,M,7376,Thousand Barrels per Day
99,"Gulf Coast (PADD 3) Refinery and Blender Net Input of Crude Oil, Monthly",201212,M,8094,Thousand Barrels per Day
100,"Gulf Coast (PADD 3) Refinery and Blender Net Input of Crude Oil, Monthly",201211,M,8069,Thousand Barrels per Day
101,"Gulf Coast (PADD 3) Refinery and Blender Net Input of Crude Oil, Monthly",201210,M,7697,Thousand Barrels per Day
102,"Gulf Coast (PADD 3) Refinery and Blender Net Input of Crude Oil, Monthly",201209,M,7634,Thousand Barrels per Day
103,"Gulf Coast (PADD 3) Refinery and Blender Net Input of Crude Oil, Monthly",201208,M,7765,Thousand Barrels per Day
104,"Gulf Coast (PADD 3) Refinery and Blender Net Input of Crude Oil, Monthly",201207,M,8036,Thousand Barrels per Day
105,"Gulf Coast (PADD 3) Refinery and Blender Net Input of Crude Oil, Monthly",201206,M,8044,Thousand Barrels per Day
106,"Gulf Coast (PADD 3) Refinery and Blender Net Input of Crude Oil, Monthly",201205,M,7878,Thousand Barrels per Day
107,"Gulf Coast (PADD 3) Refinery and Blender Net Input of Crude Oil, Monthly",201204,M,7496,Thousand Barrels per Day
108,"Gulf Coast (PADD 3) Refinery and Blender Net Input of Crude Oil, Monthly",201203,M,7493,Thousand Barrels per Day
109,"Gulf Coast (PADD 3) Refinery and Blender Net Input of Crude Oil, Monthly",201202,M,7428,Thousand Barrels per Day
110,"Gulf Coast (PADD 3) Refinery and Blender Net Input of Crude Oil, Monthly",201201,M,7169,Thousand Barrels per Day
111,"Gulf Coast (PADD 3) Refinery and Blender Net Input of Crude Oil, Monthly",201112,M,7484,Thousand Barrels per Day
112,"Gulf Coast (PADD 3) Refinery and Blender Net Input of Crude Oil, Monthly",201111,M,7650,Thousand Barrels per Day
113,"Gulf Coast (PADD 3) Refinery and Blender Net Input of Crude Oil, Monthly",201110,M,7347,Thousand Barrels per Day
114,"Gulf Coast (PADD 3) Refinery and Blender Net Input of Crude Oil, Monthly",201109,M,7569,Thousand Barrels per Day
115,"Gulf Coast (PADD 3) Refinery and Blender Net Input of Crude Oil, Monthly",201108,M,7900,Thousand Barrels per Day
116,"Gulf Coast (PADD 3) Refinery and Blender Net Input of Crude Oil, Monthly",201107,M,7688,Thousand Barrels per Day
117,"Gulf Coast (PADD 3) Refinery and Blender Net Input of Crude Oil, Monthly",201106,M,7673,Thousand Barrels per Day
118,"Gulf Coast (PADD 3) Refinery and Blender Net Input of Crude Oil, Monthly",201105,M,7462,Thousand Barrels per Day
119,"Gulf Coast (PADD 3) Refinery and Blender Net Input of Crude Oil, Monthly",201104,M,7259,Thousand Barrels per Day
120,"Gulf Coast (PADD 3) Refinery and Blender Net Input of Crude Oil, Monthly",201103,M,7313,Thousand Barrels per Day
121,"Gulf Coast (PADD 3) Refinery and Blender Net Input of Crude Oil, Monthly",201102,M,6586,Thousand Barrels per Day
122,"Gulf Coast (PADD 3) Refinery and Blender Net Input of Crude Oil, Monthly",201101,M,7364,Thousand Barrels per Day
123,"Gulf Coast (PADD 3) Refinery and Blender Net Input of Crude Oil, Monthly",201012,M,7711,Thousand Barrels per Day
124,"Gulf Coast (PADD 3) Refinery and Blender Net Input of Crude Oil, Monthly",201011,M,7535,Thousand Barrels per Day
125,"Gulf Coast (PADD 3) Refinery and Blender Net Input of Crude Oil, Monthly",201010,M,7224,Thousand Barrels per Day
126,"Gulf Coast (PADD 3) Refinery and Blender Net Input of Crude Oil, Monthly",201009,M,7368,Thousand Barrels per Day
127,"Gulf Coast (PADD 3) Refinery and Blender Net Input of Crude Oil, Monthly",201008,M,7593,Thousand Barrels per Day
128,"Gulf Coast (PADD 3) Refinery and Blender Net Input of Crude Oil, Monthly",201007,M,7814,Thousand Barrels per Day
129,"Gulf Coast (PADD 3) Refinery and Blender Net Input of Crude Oil, Monthly",201006,M,7707,Thousand Barrels per Day
130,"Gulf Coast (PADD 3) Refinery and Blender Net Input of Crude Oil, Monthly",201005,M,7680,Thousand Barrels per Day
131,"Gulf Coast (PADD 3) Refinery and Blender Net Input of Crude Oil, Monthly",201004,M,7817,Thousand Barrels per Day
132,"Gulf Coast (PADD 3) Refinery and Blender Net Input of Crude Oil, Monthly",201003,M,7324,Thousand Barrels per Day
133,"Gulf Coast (PADD 3) Refinery and Blender Net Input of Crude Oil, Monthly",201002,M,6709,Thousand Barrels per Day
134,"Gulf Coast (PADD 3) Refinery and Blender Net Input of Crude Oil, Monthly",201001,M,6667,Thousand Barrels per Day
135,"Gulf Coast (PADD 3) Refinery and Blender Net Input of Crude Oil, Monthly",200912,M,6862,Thousand Barrels per Day
136,"Gulf Coast (PADD 3) Refinery and Blender Net Input of Crude Oil, Monthly",200911,M,6919,Thousand Barrels per Day
137,"Gulf Coast (PADD 3) Refinery and Blender Net Input of Crude Oil, Monthly",200910,M,6928,Thousand Barrels per Day
138,"Gulf Coast (PADD 3) Refinery and Blender Net Input of Crude Oil, Monthly",200909,M,7183,Thousand Barrels per Day
139,"Gulf Coast (PADD 3) Refinery and Blender Net Input of Crude Oil, Monthly",200908,M,7277,Thousand Barrels per Day
140,"Gulf Coast (PADD 3) Refinery and Blender Net Input of Crude Oil, Monthly",200907,M,7073,Thousand Barrels per Day
141,"Gulf Coast (PADD 3) Refinery and Blender Net Input of Crude Oil, Monthly",200906,M,7127,Thousand Barrels per Day
142,"Gulf Coast (PADD 3) Refinery and Blender Net Input of Crude Oil, Monthly",200905,M,7026,Thousand Barrels per Day
143,"Gulf Coast (PADD 3) Refinery and Blender Net Input of Crude Oil, Monthly",200904,M,7239,Thousand Barrels per Day
144,"Gulf Coast (PADD 3) Refinery and Blender Net Input of Crude Oil, Monthly",200903,M,7080,Thousand Barrels per Day
145,"Gulf Coast (PADD 3) Refinery and Blender Net Input of Crude Oil, Monthly",200902,M,6740,Thousand Barrels per Day
146,"Gulf Coast (PADD 3) Refinery and Blender Net Input of Crude Oil, Monthly",200901,M,6767,Thousand Barrels per Day
147,"Gulf Coast (PADD 3) Refinery and Blender Net Input of Crude Oil, Monthly",200812,M,6994,Thousand Barrels per Day
148,"Gulf Coast (PADD 3) Refinery and Blender Net Input of Crude Oil, Monthly",200811,M,6892,Thousand Barrels per Day
149,"Gulf Coast (PADD 3) Refinery and Blender Net Input of Crude Oil, Monthly",200810,M,6790,Thousand Barrels per Day
150,"Gulf Coast (PADD 3) Refinery and Blender Net Input of Crude Oil, Monthly",200809,M,4890,Thousand Barrels per Day
151,"Gulf Coast (PADD 3) Refinery and Blender Net Input of Crude Oil, Monthly",200808,M,7019,Thousand Barrels per Day
152,"Gulf Coast (PADD 3) Refinery and Blender Net Input of Crude Oil, Monthly",200807,M,7367,Thousand Barrels per Day
153,"Gulf Coast (PADD 3) Refinery and Blender Net Input of Crude Oil, Monthly",200806,M,7369,Thousand Barrels per Day
154,"Gulf Coast (PADD 3) Refinery and Blender Net Input of Crude Oil, Monthly",200805,M,7401,Thousand Barrels per Day
155,"Gulf Coast (PADD 3) Refinery and Blender Net Input of Crude Oil, Monthly",200804,M,7165,Thousand Barrels per Day
156,"Gulf Coast (PADD 3) Refinery and Blender Net Input of Crude Oil, Monthly",200803,M,7007,Thousand Barrels per Day
157,"Gulf Coast (PADD 3) Refinery and Blender Net Input of Crude Oil, Monthly",200802,M,6934,Thousand Barrels per Day
158,"Gulf Coast (PADD 3) Refinery and Blender Net Input of Crude Oil, Monthly",200801,M,6924,Thousand Barrels per Day
159,"Gulf Coast (PADD 3) Refinery and Blender Net Input of Crude Oil, Monthly",200712,M,7278,Thousand Barrels per Day
160,"Gulf Coast (PADD 3) Refinery and Blender Net Input of Crude Oil, Monthly",200711,M,7299,Thousand Barrels per Day
161,"Gulf Coast (PADD 3) Refinery and Blender Net Input of Crude Oil, Monthly",200710,M,7261,Thousand Barrels per Day
162,"Gulf Coast (PADD 3) Refinery and Blender Net Input of Crude Oil, Monthly",200709,M,7277,Thousand Barrels per Day
163,"Gulf Coast (PADD 3) Refinery and Blender Net Input of Crude Oil, Monthly",200708,M,7571,Thousand Barrels per Day
164,"Gulf Coast (PADD 3) Refinery and Blender Net Input of Crude Oil, Monthly",200707,M,7675,Thousand Barrels per Day
165,"Gulf Coast (PADD 3) Refinery and Blender Net Input of Crude Oil, Monthly",200706,M,7324,Thousand Barrels per Day
166,"Gulf Coast (PADD 3) Refinery and Blender Net Input of Crude Oil, Monthly",200705,M,7253,Thousand Barrels per Day
167,"Gulf Coast (PADD 3) Refinery and Blender Net Input of Crude Oil, Monthly",200704,M,7187,Thousand Barrels per Day
168,"Gulf Coast (PADD 3) Refinery and Blender Net Input of Crude Oil, Monthly",200703,M,7478,Thousand Barrels per Day
169,"Gulf Coast (PADD 3) Refinery and Blender Net Input of Crude Oil, Monthly",200702,M,6991,Thousand Barrels per Day
170,"Gulf Coast (PADD 3) Refinery and Blender Net Input of Crude Oil, Monthly",200701,M,7144,Thousand Barrels per Day
171,"Gulf Coast (PADD 3) Refinery and Blender Net Input of Crude Oil, Monthly",200612,M,7405,Thousand Barrels per Day
172,"Gulf Coast (PADD 3) Refinery and Blender Net Input of Crude Oil, Monthly",200611,M,7280,Thousand Barrels per Day
173,"Gulf Coast (PADD 3) Refinery and Blender Net Input of Crude Oil, Monthly",200610,M,7260,Thousand Barrels per Day
174,"Gulf Coast (PADD 3) Refinery and Blender Net Input of Crude Oil, Monthly",200609,M,7523,Thousand Barrels per Day
175,"Gulf Coast (PADD 3) Refinery and Blender Net Input of Crude Oil, Monthly",200608,M,7467,Thousand Barrels per Day
176,"Gulf Coast (PADD 3) Refinery and Blender Net Input of Crude Oil, Monthly",200607,M,7586,Thousand Barrels per Day
177,"Gulf Coast (PADD 3) Refinery and Blender Net Input of Crude Oil, Monthly",200606,M,7527,Thousand Barrels per Day
178,"Gulf Coast (PADD 3) Refinery and Blender Net Input of Crude Oil, Monthly",200605,M,7393,Thousand Barrels per Day
179,"Gulf Coast (PADD 3) Refinery and Blender Net Input of Crude Oil, Monthly",200604,M,7111,Thousand Barrels per Day
180,"Gulf Coast (PADD 3) Refinery and Blender Net Input of Crude Oil, Monthly",200603,M,6964,Thousand Barrels per Day
181,"Gulf Coast (PADD 3) Refinery and Blender Net Input of Crude Oil, Monthly",200602,M,6831,Thousand Barrels per Day
182,"Gulf Coast (PADD 3) Refinery and Blender Net Input of Crude Oil, Monthly",200601,M,6740,Thousand Barrels per Day
183,"Gulf Coast (PADD 3) Refinery and Blender Net Input of Crude Oil, Monthly",200512,M,6955,Thousand Barrels per Day
184,"Gulf Coast (PADD 3) Refinery and Blender Net Input of Crude Oil, Monthly",200511,M,6741,Thousand Barrels per Day
185,"Gulf Coast (PADD 3) Refinery and Blender Net Input of Crude Oil, Monthly",200510,M,5572,Thousand Barrels per Day
186,"Gulf Coast (PADD 3) Refinery and Blender Net Input of Crude Oil, Monthly",200509,M,5585,Thousand Barrels per Day
187,"Gulf Coast (PADD 3) Refinery and Blender Net Input of Crude Oil, Monthly",200508,M,7519,Thousand Barrels per Day
188,"Gulf Coast (PADD 3) Refinery and Blender Net Input of Crude Oil, Monthly",200507,M,7519,Thousand Barrels per Day
189,"Gulf Coast (PADD 3) Refinery and Blender Net Input of Crude Oil, Monthly",200506,M,7953,Thousand Barrels per Day
190,"Gulf Coast (PADD 3) Refinery and Blender Net Input of Crude Oil, Monthly",200505,M,7608,Thousand Barrels per Day
191,"Gulf Coast (PADD 3) Refinery and Blender Net Input of Crude Oil, Monthly",200504,M,7532,Thousand Barrels per Day
192,"Gulf Coast (PADD 3) Refinery and Blender Net Input of Crude Oil, Monthly",200503,M,7518,Thousand Barrels per Day
193,"Gulf Coast (PADD 3) Refinery and Blender Net Input of Crude Oil, Monthly",200502,M,7402,Thousand Barrels per Day
194,"Gulf Coast (PADD 3) Refinery and Blender Net Input of Crude Oil, Monthly",200501,M,7289,Thousand Barrels per Day
195,"Gulf Coast (PADD 3) Refinery and Blender Net Input of Crude Oil, Monthly",200412,M,7677,Thousand Barrels per Day
196,"Gulf Coast (PADD 3) Refinery and Blender Net Input of Crude Oil, Monthly",200411,M,7586,Thousand Barrels per Day
197,"Gulf Coast (PADD 3) Refinery and Blender Net Input of Crude Oil, Monthly",200410,M,7194,Thousand Barrels per Day
198,"Gulf Coast (PADD 3) Refinery and Blender Net Input of Crude Oil, Monthly",200409,M,7155,Thousand Barrels per Day
199,"Gulf Coast (PADD 3) Refinery and Blender Net Input of Crude Oil, Monthly",200408,M,7787,Thousand Barrels per Day
200,"Gulf Coast (PADD 3) Refinery and Blender Net Input of Crude Oil, Monthly",200407,M,7772,Thousand Barrels per Day
201,"Gulf Coast (PADD 3) Refinery and Blender Net Input of Crude Oil, Monthly",200406,M,7817,Thousand Barrels per Day
202,"Gulf Coast (PADD 3) Refinery and Blender Net Input of Crude Oil, Monthly",200405,M,7784,Thousand Barrels per Day
203,"Gulf Coast (PADD 3) Refinery and Blender Net Input of Crude Oil, Monthly",200404,M,7480,Thousand Barrels per Day
204,"Gulf Coast (PADD 3) Refinery and Blender Net Input of Crude Oil, Monthly",200403,M,7146,Thousand Barrels per Day
205,"Gulf Coast (PADD 3) Refinery and Blender Net Input of Crude Oil, Monthly",200402,M,6767,Thousand Barrels per Day
206,"Gulf Coast (PADD 3) Refinery and Blender Net Input of Crude Oil, Monthly",200401,M,7057,Thousand Barrels per Day
207,"Gulf Coast (PADD 3) Refinery and Blender Net Input of Crude Oil, Monthly",200312,M,7523,Thousand Barrels per Day
208,"Gulf Coast (PADD 3) Refinery and Blender Net Input of Crude Oil, Monthly",200311,M,7481,Thousand Barrels per Day
209,"Gulf Coast (PADD 3) Refinery and Blender Net Input of Crude Oil, Monthly",200310,M,7376,Thousand Barrels per Day
210,"Gulf Coast (PADD 3) Refinery and Blender Net Input of Crude Oil, Monthly",200309,M,7433,Thousand Barrels per Day
211,"Gulf Coast (PADD 3) Refinery and Blender Net Input of Crude Oil, Monthly",200308,M,7448,Thousand Barrels per Day
212,"Gulf Coast (PADD 3) Refinery and Blender Net Input of Crude Oil, Monthly",200307,M,7327,Thousand Barrels per Day
213,"Gulf Coast (PADD 3) Refinery and Blender Net Input of Crude Oil, Monthly",200306,M,7303,Thousand Barrels per Day
214,"Gulf Coast (PADD 3) Refinery and Blender Net Input of Crude Oil, Monthly",200305,M,7671,Thousand Barrels per Day
215,"Gulf Coast (PADD 3) Refinery and Blender Net Input of Crude Oil, Monthly",200304,M,7581,Thousand Barrels per Day
216,"Gulf Coast (PADD 3) Refinery and Blender Net Input of Crude Oil, Monthly",200303,M,7188,Thousand Barrels per Day
217,"Gulf Coast (PADD 3) Refinery and Blender Net Input of Crude Oil, Monthly",200302,M,6863,Thousand Barrels per Day
218,"Gulf Coast (PADD 3) Refinery and Blender Net Input of Crude Oil, Monthly",200301,M,6762,Thousand Barrels per Day
219,"Gulf Coast (PADD 3) Refinery and Blender Net Input of Crude Oil, Monthly",200212,M,7285,Thousand Barrels per Day
220,"Gulf Coast (PADD 3) Refinery and Blender Net Input of Crude Oil, Monthly",200211,M,7369,Thousand Barrels per Day
221,"Gulf Coast (PADD 3) Refinery and Blender Net Input of Crude Oil, Monthly",200210,M,6728,Thousand Barrels per Day
222,"Gulf Coast (PADD 3) Refinery and Blender Net Input of Crude Oil, Monthly",200209,M,6763,Thousand Barrels per Day
223,"Gulf Coast (PADD 3) Refinery and Blender Net Input of Crude Oil, Monthly",200208,M,7117,Thousand Barrels per Day
224,"Gulf Coast (PADD 3) Refinery and Blender Net Input of Crude Oil, Monthly",200207,M,7167,Thousand Barrels per Day
225,"Gulf Coast (PADD 3) Refinery and Blender Net Input of Crude Oil, Monthly",200206,M,7215,Thousand Barrels per Day
226,"Gulf Coast (PADD 3) Refinery and Blender Net Input of Crude Oil, Monthly",200205,M,7262,Thousand Barrels per Day
227,"Gulf Coast (PADD 3) Refinery and Blender Net Input of Crude Oil, Monthly",200204,M,7225,Thousand Barrels per Day
228,"Gulf Coast (PADD 3) Refinery and Blender Net Input of Crude Oil, Monthly",200203,M,6965,Thousand Barrels per Day
229,"Gulf Coast (PADD 3) Refinery and Blender Net Input of Crude Oil, Monthly",200202,M,6996,Thousand Barrels per Day
230,"Gulf Coast (PADD 3) Refinery and Blender Net Input of Crude Oil, Monthly",200201,M,7206,Thousand Barrels per Day
231,"Gulf Coast (PADD 3) Refinery and Blender Net Input of Crude Oil, Monthly",200112,M,7279,Thousand Barrels per Day
232,"Gulf Coast (PADD 3) Refinery and Blender Net Input of Crude Oil, Monthly",200111,M,7338,Thousand Barrels per Day
233,"Gulf Coast (PADD 3) Refinery and Blender Net Input of Crude Oil, Monthly",200110,M,7314,Thousand Barrels per Day
234,"Gulf Coast (PADD 3) Refinery and Blender Net Input of Crude Oil, Monthly",200109,M,7286,Thousand Barrels per Day
235,"Gulf Coast (PADD 3) Refinery and Blender Net Input of Crude Oil, Monthly",200108,M,7357,Thousand Barrels per Day
236,"Gulf Coast (PADD 3) Refinery and Blender Net Input of Crude Oil, Monthly",200107,M,7201,Thousand Barrels per Day
237,"Gulf Coast (PADD 3) Refinery and Blender Net Input of Crude Oil, Monthly",200106,M,7404,Thousand Barrels per Day
238,"Gulf Coast (PADD 3) Refinery and Blender Net Input of Crude Oil, Monthly",200105,M,7564,Thousand Barrels per Day
239,"Gulf Coast (PADD 3) Refinery and Blender Net Input of Crude Oil, Monthly",200104,M,7571,Thousand Barrels per Day
240,"Gulf Coast (PADD 3) Refinery and Blender Net Input of Crude Oil, Monthly",200103,M,6979,Thousand Barrels per Day
241,"Gulf Coast (PADD 3) Refinery and Blender Net Input of Crude Oil, Monthly",200102,M,6986,Thousand Barrels per Day
242,"Gulf Coast (PADD 3) Refinery and Blender Net Input of Crude Oil, Monthly",200101,M,7051,Thousand Barrels per Day
243,"Gulf Coast (PADD 3) Refinery and Blender Net Input of Crude Oil, Monthly",200012,M,7368,Thousand Barrels per Day
244,"Gulf Coast (PADD 3) Refinery and Blender Net Input of Crude Oil, Monthly",200011,M,7232,Thousand Barrels per Day
245,"Gulf Coast (PADD 3) Refinery and Blender Net Input of Crude Oil, Monthly",200010,M,7204,Thousand Barrels per Day
246,"Gulf Coast (PADD 3) Refinery and Blender Net Input of Crude Oil, Monthly",200009,M,7280,Thousand Barrels per Day
247,"Gulf Coast (PADD 3) Refinery and Blender Net Input of Crude Oil, Monthly",200008,M,7344,Thousand Barrels per Day
248,"Gulf Coast (PADD 3) Refinery and Blender Net Input of Crude Oil, Monthly",200007,M,7436,Thousand Barrels per Day
249,"Gulf Coast (PADD 3) Refinery and Blender Net Input of Crude Oil, Monthly",200006,M,7270,Thousand Barrels per Day
250,"Gulf Coast (PADD 3) Refinery and Blender Net Input of Crude Oil, Monthly",200005,M,7284,Thousand Barrels per Day
251,"Gulf Coast (PADD 3) Refinery and Blender Net Input of Crude Oil, Monthly",200004,M,7061,Thousand Barrels per Day
252,"Gulf Coast (PADD 3) Refinery and Blender Net Input of Crude Oil, Monthly",200003,M,6971,Thousand Barrels per Day
253,"Gulf Coast (PADD 3) Refinery and Blender Net Input of Crude Oil, Monthly",200002,M,6663,Thousand Barrels per Day
254,"Gulf Coast (PADD 3) Refinery and Blender Net Input of Crude Oil, Monthly",200001,M,6527,Thousand Barrels per Day
255,"Gulf Coast (PADD 3) Refinery and Blender Net Input of Crude Oil, Monthly",199912,M,6899,Thousand Barrels per Day
256,"Gulf Coast (PADD 3) Refinery and Blender Net Input of Crude Oil, Monthly",199911,M,6973,Thousand Barrels per Day
257,"Gulf Coast (PADD 3) Refinery and Blender Net Input of Crude Oil, Monthly",199910,M,6874,Thousand Barrels per Day
258,"Gulf Coast (PADD 3) Refinery and Blender Net Input of Crude Oil, Monthly",199909,M,7175,Thousand Barrels per Day
259,"Gulf Coast (PADD 3) Refinery and Blender Net Input of Crude Oil, Monthly",199908,M,7051,Thousand Barrels per Day
260,"Gulf Coast (PADD 3) Refinery and Blender Net Input of Crude Oil, Monthly",199907,M,7102,Thousand Barrels per Day
261,"Gulf Coast (PADD 3) Refinery and Blender Net Input of Crude Oil, Monthly",199906,M,7058,Thousand Barrels per Day
262,"Gulf Coast (PADD 3) Refinery and Blender Net Input of Crude Oil, Monthly",199905,M,7109,Thousand Barrels per Day
263,"Gulf Coast (PADD 3) Refinery and Blender Net Input of Crude Oil, Monthly",199904,M,7255,Thousand Barrels per Day
264,"Gulf Coast (PADD 3) Refinery and Blender Net Input of Crude Oil, Monthly",199903,M,7111,Thousand Barrels per Day
265,"Gulf Coast (PADD 3) Refinery and Blender Net Input of Crude Oil, Monthly",199902,M,6789,Thousand Barrels per Day
266,"Gulf Coast (PADD 3) Refinery and Blender Net Input of Crude Oil, Monthly",199901,M,6735,Thousand Barrels per Day
267,"Gulf Coast (PADD 3) Refinery and Blender Net Input of Crude Oil, Monthly",199812,M,7094,Thousand Barrels per Day
268,"Gulf Coast (PADD 3) Refinery and Blender Net Input of Crude Oil, Monthly",199811,M,6829,Thousand Barrels per Day
269,"Gulf Coast (PADD 3) Refinery and Blender Net Input of Crude Oil, Monthly",199810,M,6413,Thousand Barrels per Day
270,"Gulf Coast (PADD 3) Refinery and Blender Net Input of Crude Oil, Monthly",199809,M,6858,Thousand Barrels per Day
271,"Gulf Coast (PADD 3) Refinery and Blender Net Input of Crude Oil, Monthly",199808,M,7455,Thousand Barrels per Day
272,"Gulf Coast (PADD 3) Refinery and Blender Net Input of Crude Oil, Monthly",199807,M,7367,Thousand Barrels per Day
273,"Gulf Coast (PADD 3) Refinery and Blender Net Input of Crude Oil, Monthly",199806,M,7270,Thousand Barrels per Day
274,"Gulf Coast (PADD 3) Refinery and Blender Net Input of Crude Oil, Monthly",199805,M,7194,Thousand Barrels per Day
275,"Gulf Coast (PADD 3) Refinery and Blender Net Input of Crude Oil, Monthly",199804,M,7168,Thousand Barrels per Day
276,"Gulf Coast (PADD 3) Refinery and Blender Net Input of Crude Oil, Monthly",199803,M,6928,Thousand Barrels per Day
277,"Gulf Coast (PADD 3) Refinery and Blender Net Input of Crude Oil, Monthly",199802,M,6309,Thousand Barrels per Day
278,"Gulf Coast (PADD 3) Refinery and Blender Net Input of Crude Oil, Monthly",199801,M,6546,Thousand Barrels per Day
279,"Gulf Coast (PADD 3) Refinery and Blender Net Input of Crude Oil, Monthly",199712,M,7068,Thousand Barrels per Day
280,"Gulf Coast (PADD 3) Refinery and Blender Net Input of Crude Oil, Monthly",199711,M,6995,Thousand Barrels per Day
281,"Gulf Coast (PADD 3) Refinery and Blender Net Input of Crude Oil, Monthly",199710,M,6902,Thousand Barrels per Day
282,"Gulf Coast (PADD 3) Refinery and Blender Net Input of Crude Oil, Monthly",199709,M,7114,Thousand Barrels per Day
283,"Gulf Coast (PADD 3) Refinery and Blender Net Input of Crude Oil, Monthly",199708,M,7017,Thousand Barrels per Day
284,"Gulf Coast (PADD 3) Refinery and Blender Net Input of Crude Oil, Monthly",199707,M,6886,Thousand Barrels per Day
285,"Gulf Coast (PADD 3) Refinery and Blender Net Input of Crude Oil, Monthly",199706,M,7008,Thousand Barrels per Day
286,"Gulf Coast (PADD 3) Refinery and Blender Net Input of Crude Oil, Monthly",199705,M,6991,Thousand Barrels per Day
287,"Gulf Coast (PADD 3) Refinery and Blender Net Input of Crude Oil, Monthly",199704,M,6796,Thousand Barrels per Day
288,"Gulf Coast (PADD 3) Refinery and Blender Net Input of Crude Oil, Monthly",199703,M,6679,Thousand Barrels per Day
289,"Gulf Coast (PADD 3) Refinery and Blender Net Input of Crude Oil, Monthly",199702,M,6183,Thousand Barrels per Day
290,"Gulf Coast (PADD 3) Refinery and Blender Net Input of Crude Oil, Monthly",199701,M,6451,Thousand Barrels per Day
291,"Gulf Coast (PADD 3) Refinery and Blender Net Input of Crude Oil, Monthly",199612,M,6732,Thousand Barrels per Day
292,"Gulf Coast (PADD 3) Refinery and Blender Net Input of Crude Oil, Monthly",199611,M,6675,Thousand Barrels per Day
293,"Gulf Coast (PADD 3) Refinery and Blender Net Input of Crude Oil, Monthly",199610,M,6664,Thousand Barrels per Day
294,"Gulf Coast (PADD 3) Refinery and Blender Net Input of Crude Oil, Monthly",199609,M,6670,Thousand Barrels per Day
295,"Gulf Coast (PADD 3) Refinery and Blender Net Input of Crude Oil, Monthly",199608,M,6694,Thousand Barrels per Day
296,"Gulf Coast (PADD 3) Refinery and Blender Net Input of Crude Oil, Monthly",199607,M,6685,Thousand Barrels per Day
297,"Gulf Coast (PADD 3) Refinery and Blender Net Input of Crude Oil, Monthly",199606,M,6838,Thousand Barrels per Day
298,"Gulf Coast (PADD 3) Refinery and Blender Net Input of Crude Oil, Monthly",199605,M,6798,Thousand Barrels per Day
299,"Gulf Coast (PADD 3) Refinery and Blender Net Input of Crude Oil, Monthly",199604,M,6802,Thousand Barrels per Day
300,"Gulf Coast (PADD 3) Refinery and Blender Net Input of Crude Oil, Monthly",199603,M,6450,Thousand Barrels per Day
301,"Gulf Coast (PADD 3) Refinery and Blender Net Input of Crude Oil, Monthly",199602,M,6329,Thousand Barrels per Day
302,"Gulf Coast (PADD 3) Refinery and Blender Net Input of Crude Oil, Monthly",199601,M,6355,Thousand Barrels per Day
303,"Gulf Coast (PADD 3) Refinery and Blender Net Input of Crude Oil, Monthly",199512,M,6512,Thousand Barrels per Day
304,"Gulf Coast (PADD 3) Refinery and Blender Net Input of Crude Oil, Monthly",199511,M,6416,Thousand Barrels per Day
305,"Gulf Coast (PADD 3) Refinery and Blender Net Input of Crude Oil, Monthly",199510,M,6248,Thousand Barrels per Day
306,"Gulf Coast (PADD 3) Refinery and Blender Net Input of Crude Oil, Monthly",199509,M,6563,Thousand Barrels per Day
307,"Gulf Coast (PADD 3) Refinery and Blender Net Input of Crude Oil, Monthly",199508,M,6339,Thousand Barrels per Day
308,"Gulf Coast (PADD 3) Refinery and Blender Net Input of Crude Oil, Monthly",199507,M,6480,Thousand Barrels per Day
309,"Gulf Coast (PADD 3) Refinery and Blender Net Input of Crude Oil, Monthly",199506,M,6648,Thousand Barrels per Day
310,"Gulf Coast (PADD 3) Refinery and Blender Net Input of Crude Oil, Monthly",199505,M,6532,Thousand Barrels per Day
311,"Gulf Coast (PADD 3) Refinery and Blender Net Input of Crude Oil, Monthly",199504,M,6417,Thousand Barrels per Day
312,"Gulf Coast (PADD 3) Refinery and Blender Net Input of Crude Oil, Monthly",199503,M,6297,Thousand Barrels per Day
313,"Gulf Coast (PADD 3) Refinery and Blender Net Input of Crude Oil, Monthly",199502,M,6083,Thousand Barrels per Day
314,"Gulf Coast (PADD 3) Refinery and Blender Net Input of Crude Oil, Monthly",199501,M,6206,Thousand Barrels per Day
315,"Gulf Coast (PADD 3) Refinery and Blender Net Input of Crude Oil, Monthly",199412,M,6445,Thousand Barrels per Day
316,"Gulf Coast (PADD 3) Refinery and Blender Net Input of Crude Oil, Monthly",199411,M,6343,Thousand Barrels per Day
317,"Gulf Coast (PADD 3) Refinery and Blender Net Input of Crude Oil, Monthly",199410,M,6168,Thousand Barrels per Day
318,"Gulf Coast (PADD 3) Refinery and Blender Net Input of Crude Oil, Monthly",199409,M,6587,Thousand Barrels per Day
319,"Gulf Coast (PADD 3) Refinery and Blender Net Input of Crude Oil, Monthly",199408,M,6679,Thousand Barrels per Day
320,"Gulf Coast (PADD 3) Refinery and Blender Net Input of Crude Oil, Monthly",199407,M,6523,Thousand Barrels per Day
321,"Gulf Coast (PADD 3) Refinery and Blender Net Input of Crude Oil, Monthly",199406,M,6491,Thousand Barrels per Day
322,"Gulf Coast (PADD 3) Refinery and Blender Net Input of Crude Oil, Monthly",199405,M,6568,Thousand Barrels per Day
323,"Gulf Coast (PADD 3) Refinery and Blender Net Input of Crude Oil, Monthly",199404,M,6396,Thousand Barrels per Day
324,"Gulf Coast (PADD 3) Refinery and Blender Net Input of Crude Oil, Monthly",199403,M,6009,Thousand Barrels per Day
325,"Gulf Coast (PADD 3) Refinery and Blender Net Input of Crude Oil, Monthly",199402,M,5927,Thousand Barrels per Day
326,"Gulf Coast (PADD 3) Refinery and Blender Net Input of Crude Oil, Monthly",199401,M,6085,Thousand Barrels per Day
327,"Gulf Coast (PADD 3) Refinery and Blender Net Input of Crude Oil, Monthly",199312,M,6212,Thousand Barrels per Day
328,"Gulf Coast (PADD 3) Refinery and Blender Net Input of Crude Oil, Monthly",199311,M,6121,Thousand Barrels per Day
329,"Gulf Coast (PADD 3) Refinery and Blender Net Input of Crude Oil, Monthly",199310,M,6070,Thousand Barrels per Day
330,"Gulf Coast (PADD 3) Refinery and Blender Net Input of Crude Oil, Monthly",199309,M,6148,Thousand Barrels per Day
331,"Gulf Coast (PADD 3) Refinery and Blender Net Input of Crude Oil, Monthly",199308,M,6232,Thousand Barrels per Day
332,"Gulf Coast (PADD 3) Refinery and Blender Net Input of Crude Oil, Monthly",199307,M,6327,Thousand Barrels per Day
333,"Gulf Coast (PADD 3) Refinery and Blender Net Input of Crude Oil, Monthly",199306,M,6278,Thousand Barrels per Day
334,"Gulf Coast (PADD 3) Refinery and Blender Net Input of Crude Oil, Monthly",199305,M,6169,Thousand Barrels per Day
335,"Gulf Coast (PADD 3) Refinery and Blender Net Input of Crude Oil, Monthly",199304,M,6152,Thousand Barrels per Day
336,"Gulf Coast (PADD 3) Refinery and Blender Net Input of Crude Oil, Monthly",199303,M,6036,Thousand Barrels per Day
337,"Gulf Coast (PADD 3) Refinery and Blender Net Input of Crude Oil, Monthly",199302,M,5988,Thousand Barrels per Day
338,"Gulf Coast (PADD 3) Refinery and Blender Net Input of Crude Oil, Monthly",199301,M,5944,Thousand Barrels per Day
339,"Gulf Coast (PADD 3) Refinery and Blender Net Input of Crude Oil, Monthly",199212,M,6086,Thousand Barrels per Day
340,"Gulf Coast (PADD 3) Refinery and Blender Net Input of Crude Oil, Monthly",199211,M,6232,Thousand Barrels per Day
341,"Gulf Coast (PADD 3) Refinery and Blender Net Input of Crude Oil, Monthly",199210,M,6146,Thousand Barrels per Day
342,"Gulf Coast (PADD 3) Refinery and Blender Net Input of Crude Oil, Monthly",199209,M,6183,Thousand Barrels per Day
343,"Gulf Coast (PADD 3) Refinery and Blender Net Input of Crude Oil, Monthly",199208,M,5924,Thousand Barrels per Day
344,"Gulf Coast (PADD 3) Refinery and Blender Net Input of Crude Oil, Monthly",199207,M,6248,Thousand Barrels per Day
345,"Gulf Coast (PADD 3) Refinery and Blender Net Input of Crude Oil, Monthly",199206,M,6360,Thousand Barrels per Day
346,"Gulf Coast (PADD 3) Refinery and Blender Net Input of Crude Oil, Monthly",199205,M,6145,Thousand Barrels per Day
347,"Gulf Coast (PADD 3) Refinery and Blender Net Input of Crude Oil, Monthly",199204,M,6118,Thousand Barrels per Day
348,"Gulf Coast (PADD 3) Refinery and Blender Net Input of Crude Oil, Monthly",199203,M,6053,Thousand Barrels per Day
349,"Gulf Coast (PADD 3) Refinery and Blender Net Input of Crude Oil, Monthly",199202,M,5523,Thousand Barrels per Day
350,"Gulf Coast (PADD 3) Refinery and Blender Net Input of Crude Oil, Monthly",199201,M,5812,Thousand Barrels per Day
351,"Gulf Coast (PADD 3) Refinery and Blender Net Input of Crude Oil, Monthly",199112,M,6193,Thousand Barrels per Day
352,"Gulf Coast (PADD 3) Refinery and Blender Net Input of Crude Oil, Monthly",199111,M,5929,Thousand Barrels per Day
353,"Gulf Coast (PADD 3) Refinery and Blender Net Input of Crude Oil, Monthly",199110,M,5924,Thousand Barrels per Day
354,"Gulf Coast (PADD 3) Refinery and Blender Net Input of Crude Oil, Monthly",199109,M,6066,Thousand Barrels per Day
355,"Gulf Coast (PADD 3) Refinery and Blender Net Input of Crude Oil, Monthly",199108,M,6255,Thousand Barrels per Day
356,"Gulf Coast (PADD 3) Refinery and Blender Net Input of Crude Oil, Monthly",199107,M,6065,Thousand Barrels per Day
357,"Gulf Coast (PADD 3) Refinery and Blender Net Input of Crude Oil, Monthly",199106,M,6134,Thousand Barrels per Day
358,"Gulf Coast (PADD 3) Refinery and Blender Net Input of Crude Oil, Monthly",199105,M,5971,Thousand Barrels per Day
359,"Gulf Coast (PADD 3) Refinery and Blender Net Input of Crude Oil, Monthly",199104,M,5829,Thousand Barrels per Day
360,"Gulf Coast (PADD 3) Refinery and Blender Net Input of Crude Oil, Monthly",199103,M,5795,Thousand Barrels per Day
361,"Gulf Coast (PADD 3) Refinery and Blender Net Input of Crude Oil, Monthly",199102,M,5918,Thousand Barrels per Day
362,"Gulf Coast (PADD 3) Refinery and Blender Net Input of Crude Oil, Monthly",199101,M,5836,Thousand Barrels per Day
363,"Gulf Coast (PADD 3) Refinery and Blender Net Input of Crude Oil, Monthly",199012,M,5828,Thousand Barrels per Day
364,"Gulf Coast (PADD 3) Refinery and Blender Net Input of Crude Oil, Monthly",199011,M,5949,Thousand Barrels per Day
365,"Gulf Coast (PADD 3) Refinery and Blender Net Input of Crude Oil, Monthly",199010,M,5841,Thousand Barrels per Day
366,"Gulf Coast (PADD 3) Refinery and Blender Net Input of Crude Oil, Monthly",199009,M,6182,Thousand Barrels per Day
367,"Gulf Coast (PADD 3) Refinery and Blender Net Input of Crude Oil, Monthly",199008,M,6355,Thousand Barrels per Day
368,"Gulf Coast (PADD 3) Refinery and Blender Net Input of Crude Oil, Monthly",199007,M,6448,Thousand Barrels per Day
369,"Gulf Coast (PADD 3) Refinery and Blender Net Input of Crude Oil, Monthly",199006,M,6286,Thousand Barrels per Day
370,"Gulf Coast (PADD 3) Refinery and Blender Net Input of Crude Oil, Monthly",199005,M,6191,Thousand Barrels per Day
371,"Gulf Coast (PADD 3) Refinery and Blender Net Input of Crude Oil, Monthly",199004,M,5938,Thousand Barrels per Day
372,"Gulf Coast (PADD 3) Refinery and Blender Net Input of Crude Oil, Monthly",199003,M,5667,Thousand Barrels per Day
373,"Gulf Coast (PADD 3) Refinery and Blender Net Input of Crude Oil, Monthly",199002,M,6027,Thousand Barrels per Day
374,"Gulf Coast (PADD 3) Refinery and Blender Net Input of Crude Oil, Monthly",199001,M,6007,Thousand Barrels per Day
375,"Gulf Coast (PADD 3) Refinery and Blender Net Input of Crude Oil, Monthly",198912,M,5826,Thousand Barrels per Day
376,"Gulf Coast (PADD 3) Refinery and Blender Net Input of Crude Oil, Monthly",198911,M,6248,Thousand Barrels per Day
377,"Gulf Coast (PADD 3) Refinery and Blender Net Input of Crude Oil, Monthly",198910,M,6252,Thousand Barrels per Day
378,"Gulf Coast (PADD 3) Refinery and Blender Net Input of Crude Oil, Monthly",198909,M,6260,Thousand Barrels per Day
379,"Gulf Coast (PADD 3) Refinery and Blender Net Input of Crude Oil, Monthly",198908,M,6211,Thousand Barrels per Day
380,"Gulf Coast (PADD 3) Refinery and Blender Net Input of Crude Oil, Monthly",198907,M,6237,Thousand Barrels per Day
381,"Gulf Coast (PADD 3) Refinery and Blender Net Input of Crude Oil, Monthly",198906,M,6334,Thousand Barrels per Day
382,"Gulf Coast (PADD 3) Refinery and Blender Net Input of Crude Oil, Monthly",198905,M,6388,Thousand Barrels per Day
383,"Gulf Coast (PADD 3) Refinery and Blender Net Input of Crude Oil, Monthly",198904,M,6182,Thousand Barrels per Day
384,"Gulf Coast (PADD 3) Refinery and Blender Net Input of Crude Oil, Monthly",198903,M,6007,Thousand Barrels per Day
385,"Gulf Coast (PADD 3) Refinery and Blender Net Input of Crude Oil, Monthly",198902,M,5802,Thousand Barrels per Day
386,"Gulf Coast (PADD 3) Refinery and Blender Net Input of Crude Oil, Monthly",198901,M,6071,Thousand Barrels per Day
387,"Gulf Coast (PADD 3) Refinery and Blender Net Input of Crude Oil, Monthly",198812,M,6014,Thousand Barrels per Day
388,"Gulf Coast (PADD 3) Refinery and Blender Net Input of Crude Oil, Monthly",198811,M,6018,Thousand Barrels per Day
389,"Gulf Coast (PADD 3) Refinery and Blender Net Input of Crude Oil, Monthly",198810,M,6092,Thousand Barrels per Day
390,"Gulf Coast (PADD 3) Refinery and Blender Net Input of Crude Oil, Monthly",198809,M,5818,Thousand Barrels per Day
391,"Gulf Coast (PADD 3) Refinery and Blender Net Input of Crude Oil, Monthly",198808,M,6144,Thousand Barrels per Day
392,"Gulf Coast (PADD 3) Refinery and Blender Net Input of Crude Oil, Monthly",198807,M,6078,Thousand Barrels per Day
393,"Gulf Coast (PADD 3) Refinery and Blender Net Input of Crude Oil, Monthly",198806,M,6038,Thousand Barrels per Day
394,"Gulf Coast (PADD 3) Refinery and Blender Net Input of Crude Oil, Monthly",198805,M,6149,Thousand Barrels per Day
395,"Gulf Coast (PADD 3) Refinery and Blender Net Input of Crude Oil, Monthly",198804,M,6074,Thousand Barrels per Day
396,"Gulf Coast (PADD 3) Refinery and Blender Net Input of Crude Oil, Monthly",198803,M,5979,Thousand Barrels per Day
397,"Gulf Coast (PADD 3) Refinery and Blender Net Input of Crude Oil, Monthly",198802,M,5728,Thousand Barrels per Day
398,"Gulf Coast (PADD 3) Refinery and Blender Net Input of Crude Oil, Monthly",198801,M,5938,Thousand Barrels per Day
399,"Gulf Coast (PADD 3) Refinery and Blender Net Input of Crude Oil, Monthly",198712,M,6124,Thousand Barrels per Day
400,"Gulf Coast (PADD 3) Refinery and Blender Net Input of Crude Oil, Monthly",198711,M,6032,Thousand Barrels per Day
401,"Gulf Coast (PADD 3) Refinery and Blender Net Input of Crude Oil, Monthly",198710,M,5922,Thousand Barrels per Day
402,"Gulf Coast (PADD 3) Refinery and Blender Net Input of Crude Oil, Monthly",198709,M,5933,Thousand Barrels per Day
403,"Gulf Coast (PADD 3) Refinery and Blender Net Input of Crude Oil, Monthly",198708,M,5972,Thousand Barrels per Day
404,"Gulf Coast (PADD 3) Refinery and Blender Net Input of Crude Oil, Monthly",198707,M,6072,Thousand Barrels per Day
405,"Gulf Coast (PADD 3) Refinery and Blender Net Input of Crude Oil, Monthly",198706,M,5974,Thousand Barrels per Day
406,"Gulf Coast (PADD 3) Refinery and Blender Net Input of Crude Oil, Monthly",198705,M,5612,Thousand Barrels per Day
407,"Gulf Coast (PADD 3) Refinery and Blender Net Input of Crude Oil, Monthly",198704,M,5377,Thousand Barrels per Day
408,"Gulf Coast (PADD 3) Refinery and Blender Net Input of Crude Oil, Monthly",198703,M,5551,Thousand Barrels per Day
409,"Gulf Coast (PADD 3) Refinery and Blender Net Input of Crude Oil, Monthly",198702,M,5549,Thousand Barrels per Day
410,"Gulf Coast (PADD 3) Refinery and Blender Net Input of Crude Oil, Monthly",198701,M,5925,Thousand Barrels per Day
411,"Gulf Coast (PADD 3) Refinery and Blender Net Input of Crude Oil, Monthly",198612,M,5989,Thousand Barrels per Day
412,"Gulf Coast (PADD 3) Refinery and Blender Net Input of Crude Oil, Monthly",198611,M,5935,Thousand Barrels per Day
413,"Gulf Coast (PADD 3) Refinery and Blender Net Input of Crude Oil, Monthly",198610,M,5760,Thousand Barrels per Day
414,"Gulf Coast (PADD 3) Refinery and Blender Net Input of Crude Oil, Monthly",198609,M,6063,Thousand Barrels per Day
415,"Gulf Coast (PADD 3) Refinery and Blender Net Input of Crude Oil, Monthly",198608,M,6041,Thousand Barrels per Day
416,"Gulf Coast (PADD 3) Refinery and Blender Net Input of Crude Oil, Monthly",198607,M,5807,Thousand Barrels per Day
417,"Gulf Coast (PADD 3) Refinery and Blender Net Input of Crude Oil, Monthly",198606,M,6071,Thousand Barrels per Day
418,"Gulf Coast (PADD 3) Refinery and Blender Net Input of Crude Oil, Monthly",198605,M,6223,Thousand Barrels per Day
419,"Gulf Coast (PADD 3) Refinery and Blender Net Input of Crude Oil, Monthly",198604,M,5870,Thousand Barrels per Day
420,"Gulf Coast (PADD 3) Refinery and Blender Net Input of Crude Oil, Monthly",198603,M,5216,Thousand Barrels per Day
421,"Gulf Coast (PADD 3) Refinery and Blender Net Input of Crude Oil, Monthly",198602,M,5606,Thousand Barrels per Day
422,"Gulf Coast (PADD 3) Refinery and Blender Net Input of Crude Oil, Monthly",198601,M,5693,Thousand Barrels per Day
423,"Gulf Coast (PADD 3) Refinery and Blender Net Input of Crude Oil, Monthly",198512,M,5895,Thousand Barrels per Day
424,"Gulf Coast (PADD 3) Refinery and Blender Net Input of Crude Oil, Monthly",198511,M,5722,Thousand Barrels per Day
425,"Gulf Coast (PADD 3) Refinery and Blender Net Input of Crude Oil, Monthly",198510,M,5542,Thousand Barrels per Day
426,"Gulf Coast (PADD 3) Refinery and Blender Net Input of Crude Oil, Monthly",198509,M,5267,Thousand Barrels per Day
427,"Gulf Coast (PADD 3) Refinery and Blender Net Input of Crude Oil, Monthly",198508,M,5234,Thousand Barrels per Day
428,"Gulf Coast (PADD 3) Refinery and Blender Net Input of Crude Oil, Monthly",198507,M,5542,Thousand Barrels per Day
429,"Gulf Coast (PADD 3) Refinery and Blender Net Input of Crude Oil, Monthly",198506,M,5404,Thousand Barrels per Day
430,"Gulf Coast (PADD 3) Refinery and Blender Net Input of Crude Oil, Monthly",198505,M,5519,Thousand Barrels per Day
431,"Gulf Coast (PADD 3) Refinery and Blender Net Input of Crude Oil, Monthly",198504,M,5389,Thousand Barrels per Day
432,"Gulf Coast (PADD 3) Refinery and Blender Net Input of Crude Oil, Monthly",198503,M,5160,Thousand Barrels per Day
433,"Gulf Coast (PADD 3) Refinery and Blender Net Input of Crude Oil, Monthly",198502,M,5234,Thousand Barrels per Day
434,"Gulf Coast (PADD 3) Refinery and Blender Net Input of Crude Oil, Monthly",198501,M,5142,Thousand Barrels per Day
435,"Gulf Coast (PADD 3) Refinery and Blender Net Input of Crude Oil, Monthly",198412,M,5222,Thousand Barrels per Day
436,"Gulf Coast (PADD 3) Refinery and Blender Net Input of Crude Oil, Monthly",198411,M,5599,Thousand Barrels per Day
437,"Gulf Coast (PADD 3) Refinery and Blender Net Input of Crude Oil, Monthly",198410,M,5704,Thousand Barrels per Day
438,"Gulf Coast (PADD 3) Refinery and Blender Net Input of Crude Oil, Monthly",198409,M,5547,Thousand Barrels per Day
439,"Gulf Coast (PADD 3) Refinery and Blender Net Input of Crude Oil, Monthly",198408,M,5566,Thousand Barrels per Day
440,"Gulf Coast (PADD 3) Refinery and Blender Net Input of Crude Oil, Monthly",198407,M,5357,Thousand Barrels per Day
441,"Gulf Coast (PADD 3) Refinery and Blender Net Input of Crude Oil, Monthly",198406,M,5375,Thousand Barrels per Day
442,"Gulf Coast (PADD 3) Refinery and Blender Net Input of Crude Oil, Monthly",198405,M,5618,Thousand Barrels per Day
443,"Gulf Coast (PADD 3) Refinery and Blender Net Input of Crude Oil, Monthly",198404,M,5687,Thousand Barrels per Day
444,"Gulf Coast (PADD 3) Refinery and Blender Net Input of Crude Oil, Monthly",198403,M,5549,Thousand Barrels per Day
445,"Gulf Coast (PADD 3) Refinery and Blender Net Input of Crude Oil, Monthly",198402,M,5791,Thousand Barrels per Day
446,"Gulf Coast (PADD 3) Refinery and Blender Net Input of Crude Oil, Monthly",198401,M,5436,Thousand Barrels per Day
447,"Gulf Coast (PADD 3) Refinery and Blender Net Input of Crude Oil, Monthly",198312,M,5060,Thousand Barrels per Day
448,"Gulf Coast (PADD 3) Refinery and Blender Net Input of Crude Oil, Monthly",198311,M,5714,Thousand Barrels per Day
449,"Gulf Coast (PADD 3) Refinery and Blender Net Input of Crude Oil, Monthly",198310,M,5547,Thousand Barrels per Day
450,"Gulf Coast (PADD 3) Refinery and Blender Net Input of Crude Oil, Monthly",198309,M,5868,Thousand Barrels per Day
451,"Gulf Coast (PADD 3) Refinery and Blender Net Input of Crude Oil, Monthly",198308,M,5404,Thousand Barrels per Day
452,"Gulf Coast (PADD 3) Refinery and Blender Net Input of Crude Oil, Monthly",198307,M,5628,Thousand Barrels per Day
453,"Gulf Coast (PADD 3) Refinery and Blender Net Input of Crude Oil, Monthly",198306,M,5630,Thousand Barrels per Day
454,"Gulf Coast (PADD 3) Refinery and Blender Net Input of Crude Oil, Monthly",198305,M,5497,Thousand Barrels per Day
455,"Gulf Coast (PADD 3) Refinery and Blender Net Input of Crude Oil, Monthly",198304,M,5312,Thousand Barrels per Day
456,"Gulf Coast (PADD 3) Refinery and Blender Net Input of Crude Oil, Monthly",198303,M,5140,Thousand Barrels per Day
457,"Gulf Coast (PADD 3) Refinery and Blender Net Input of Crude Oil, Monthly",198302,M,4727,Thousand Barrels per Day
458,"Gulf Coast (PADD 3) Refinery and Blender Net Input of Crude Oil, Monthly",198301,M,5025,Thousand Barrels per Day
459,"Gulf Coast (PADD 3) Refinery and Blender Net Input of Crude Oil, Monthly",198212,M,5185,Thousand Barrels per Day
460,"Gulf Coast (PADD 3) Refinery and Blender Net Input of Crude Oil, Monthly",198211,M,5488,Thousand Barrels per Day
461,"Gulf Coast (PADD 3) Refinery and Blender Net Input of Crude Oil, Monthly",198210,M,5655,Thousand Barrels per Day
462,"Gulf Coast (PADD 3) Refinery and Blender Net Input of Crude Oil, Monthly",198209,M,5522,Thousand Barrels per Day
463,"Gulf Coast (PADD 3) Refinery and Blender Net Input of Crude Oil, Monthly",198208,M,5375,Thousand Barrels per Day
464,"Gulf Coast (PADD 3) Refinery and Blender Net Input of Crude Oil, Monthly",198207,M,5643,Thousand Barrels per Day
465,"Gulf Coast (PADD 3) Refinery and Blender Net Input of Crude Oil, Monthly",198206,M,5649,Thousand Barrels per Day
466,"Gulf Coast (PADD 3) Refinery and Blender Net Input of Crude Oil, Monthly",198205,M,5525,Thousand Barrels per Day
467,"Gulf Coast (PADD 3) Refinery and Blender Net Input of Crude Oil, Monthly",198204,M,5164,Thousand Barrels per Day
468,"Gulf Coast (PADD 3) Refinery and Blender Net Input of Crude Oil, Monthly",198203,M,5065,Thousand Barrels per Day
469,"Gulf Coast (PADD 3) Refinery and Blender Net Input of Crude Oil, Monthly",198202,M,4903,Thousand Barrels per Day
470,"Gulf Coast (PADD 3) Refinery and Blender Net Input of Crude Oil, Monthly",198201,M,5147,Thousand Barrels per Day
471,"Gulf Coast (PADD 3) Refinery and Blender Net Input of Crude Oil, Monthly",198112,M,5521,Thousand Barrels per Day
472,"Gulf Coast (PADD 3) Refinery and Blender Net Input of Crude Oil, Monthly",198111,M,5292,Thousand Barrels per Day
473,"Gulf Coast (PADD 3) Refinery and Blender Net Input of Crude Oil, Monthly",198110,M,5321,Thousand Barrels per Day
474,"Gulf Coast (PADD 3) Refinery and Blender Net Input of Crude Oil, Monthly",198109,M,5561,Thousand Barrels per Day
475,"Gulf Coast (PADD 3) Refinery and Blender Net Input of Crude Oil, Monthly",198108,M,5761,Thousand Barrels per Day
476,"Gulf Coast (PADD 3) Refinery and Blender Net Input of Crude Oil, Monthly",198107,M,5500,Thousand Barrels per Day
477,"Gulf Coast (PADD 3) Refinery and Blender Net Input of Crude Oil, Monthly",198106,M,5601,Thousand Barrels per Day
478,"Gulf Coast (PADD 3) Refinery and Blender Net Input of Crude Oil, Monthly",198105,M,5774,Thousand Barrels per Day
479,"Gulf Coast (PADD 3) Refinery and Blender Net Input of Crude Oil, Monthly",198104,M,5632,Thousand Barrels per Day
480,"Gulf Coast (PADD 3) Refinery and Blender Net Input of Crude Oil, Monthly",198103,M,5501,Thousand Barrels per Day
481,"Gulf Coast (PADD 3) Refinery and Blender Net Input of Crude Oil, Monthly",198102,M,5645,Thousand Barrels per Day
482,"Gulf Coast (PADD 3) Refinery and Blender Net Input of Crude Oil, Monthly",198101,M,5752,Thousand Barrels per Day
